Submethod,PSNR,SSIM,LPIPS,Size [Bytes],#Gaussians
low,34.84683228,0.983506143,0.016478555,1790,117529
high,35.85889816,0.987167537,0.013332076,2675,117529
