Submethod,PSNR,SSIM,LPIPS,Size [Bytes],#Gaussians
low,27.02675056,0.959720016,0.044041172,1888,199251
high,27.31562996,0.963467658,0.040114146,2758,199251
