Submethod,PSNR,SSIM,LPIPS,Size [Bytes],#Gaussians
low,35.12413025,0.989218235,0.012381898,1896,146807
high,35.84122086,0.990900636,0.010711862,2755,146807
