Submethod,PSNR,SSIM,LPIPS,Size [Bytes],#Gaussians
low,37.33897018,0.984047115,0.02466388,1580112,81004
high,38.04124069,0.986332238,0.021555223,2469594,81004
