Submethod,PSNR,SSIM,LPIPS,Size [Bytes],#Gaussians
low,34.5786705,0.979253531,0.022065248,2412641,186301
high,35.69649124,0.983985066,0.01723538,3444118,186301
