Submethod,PSNR,SSIM,LPIPS,Size [Bytes],#Gaussians
low,31.00679207,0.971016645,0.036480796,2342303,173098
high,31.94098473,0.976057291,0.031173237,3509755,173098
