Submethod,PSNR,SSIM,LPIPS,Size [Bytes],#Gaussians
low,36.17097473,0.991800249,0.011030827,1504,171085
high,37.11074066,0.993464649,0.009019871,2030,171085
