Submethod,PSNR,SSIM,LPIPS,Size [Bytes],#Gaussians
low,30.78371429,0.908856869,0.121907257,1964,180973
high,31.65633965,0.917029798,0.114080533,2928,180973
