Submethod,PSNR,SSIM,LPIPS,Size [Bytes],#Gaussians
low,24.83443451,0.739106357,0.298082739,18440616,3437264
high,25.05632782,0.749448597,0.287592113,33995300,3437264
