Submethod,PSNR,SSIM,LPIPS,Size [Bytes],#Gaussians
low,30.40489388,0.930111527,0.206851825,9702,1735502
high,30.64591026,0.933830261,0.200444773,20946,1735502
