Submethod,PSNR,SSIM,LPIPS,Size [Bytes],#Gaussians
low,28.50604057,0.899024129,0.216491476,8338,1192326
high,28.79985428,0.906728327,0.206495777,19561,1192326
