Submethod,PSNR,SSIM,LPIPS,Size [Bytes],#Gaussians
low,21.74603844,0.59243685,0.386768222,12069,2129699
high,21.89514923,0.601743042,0.377820373,26495,2129699
