Submethod,PSNR,SSIM,LPIPS,Size [Bytes],#Gaussians
low,26.83276558,0.834545076,0.187951252,16590259,2769018
high,27.22612953,0.848552287,0.168956026,32341852,2769018
