Submethod,PSNR,SSIM,LPIPS,Size [Bytes],#Gaussians
low,30.3169651,0.914947927,0.147913188,9470399,1495535
high,30.67850876,0.920451701,0.140567645,22735272,1495535
