Submethod,PSNR,SSIM,LPIPS,Size [Bytes],#Gaussians
low,31.47517204,0.916762114,0.218556061,6533,978155
high,31.71449089,0.921189129,0.216467708,14279,978155
