Submethod,PSNR,SSIM,LPIPS,Size [Bytes],#Gaussians
low,27.79491234,0.806978226,0.26377967,24543821,2556151
high,28.34779549,0.825136483,0.245036528,41260505,2556151
