Submethod,PSNR,SSIM,LPIPS,Size [Bytes],#Gaussians
low,27.79491234,0.806978226,0.26377967,23968,2556151
high,28.34779549,0.825136483,0.245036528,40293,2556151
