Submethod,PSNR,SSIM,LPIPS,Size [Bytes],#Gaussians
low,24.14971352,0.664761305,0.371825963,13468,2543055
high,24.23647499,0.670439303,0.365787774,28931,2543055
