Submethod,PSNR,SSIM,LPIPS,Size [Bytes],#Gaussians
low,22.60543823,0.810126543,0.254243672,8372,754201
high,22.9366169,0.822118044,0.239381567,12918,754201
