Submethod,PSNR,SSIM,LPIPS,Size [Bytes],#Gaussians
low,22.60543823,0.810126543,0.254243672,8573349,754201
high,22.9366169,0.822118044,0.239381567,13228803,754201
