Submethod,PSNR,SSIM,LPIPS,Size [Bytes],#Gaussians
low,24.78962135,0.861330271,0.199635059,9132494,1801925
high,25.16711998,0.874915183,0.182452619,13059036,1801925
