Submethod,PSNR,SSIM,LPIPS,Size [Bytes],#Gaussians
low,29.95129776,0.898851693,0.305114627,7151,1725034
high,31.52987099,0.919974327,0.258158892,8354,1725034
