Submethod,PSNR,SSIM,LPIPS,Size [Bytes],#Gaussians
low,31.29987717,0.909135222,0.281718075,5971465,1347165
high,33.12189102,0.927354217,0.248517826,7672897,1347165
